[
    {
        "username":"user1",
        "password":"12345",
        "tenan":"test",
        "postion":"MKIS",
        "department":"marketing",
        "permission":"user",
        "firstname":"Sam1", 
        "lastname":"Samson1", 
        "email":"Sam1@test.com", 
        "personal":"INTJ", 
        "tel":"1234567890",
        "address":"ABC"
    },
    {
        "username":"user2",
        "password":"12345",
        "tenan":"test",
        "postion":"Sales",
        "department":"marketing",
        "permission":"user",
        "firstname":"Olivie",
        "lastname":"Hammer",
        "email":"Olivie@test.com",
        "personal":"INTP",
        "tel":"1234567890",
        "address":"ABC"
    },
    {
        "username":"user3",
        "password":"12345",
        "tenan":"test",
        "postion":"programmer",
        "department":"IT",
        "permission":"user",
        "firstname":"Thanyarat",
        "lastname":"Sansuwannawong",
        "email":"Thanyarat@test.com",
        "personal":"ENTP",
        "tel":"1234567890",
        "address":"ABC"
    },
    {
        "username":"user4",
        "password":"12345",
        "tenan":"test",
        "postion":"programmer",
        "department":"IT",
        "permission":"user",
        "firstname":"Yossathorn",
        "lastname":"Pongpaisan",
        "email":"Yossathorn@test.com",
        "personal":"ENFJ",
        "tel":"1234567890",
        "address":"ABC"
    },
    {
        "username":"user5",
        "password":"12345",
        "tenan":"test",
        "postion":"Tech lead",
        "department":"IT",
        "permission":"user",
        "firstname":"Rangsiman",
        "lastname":"Thammapak",
        "email":"Rangsiman@test.com",
        "personal":"INTF",
        "tel":"1234567890",
        "address":"ABC"
    },
    {
        "username":"user6",
        "password":"12345",
        "tenan":"test",
        "postion":"ux/ui",
        "permission":"user",
        "department":"IT",
        "firstname":"Jaree",
        "lastname":"Watcharakij",
        "email":"Jaree@test.com",
        "personal":"ISFJ",
        "tel":"1234567890",
        "address":"ABC"
    },
    {
        "username":"user7",
        "password":"12345",
        "tenan":"test",
        "postion":"devops",
        "permission":"user",
        "department":"IT",
        "firstname":"Dejwit",
        "lastname":"Rattanaatid",
        "email":"Dejwit@test.com",
        "personal":"ESTP",
        "tel":"1234567890",
        "address":"ABC"
    },
    {
        "username":"user8",
        "password":"12345",
        "tenan":"test",
        "postion":"data enginee",
        "permission":"user",
        "department":"IT",
        "firstname":"Kanjanaporn",
        "lastname":"Sukkesorn",
        "email":"Kanjanaporn@test.com",
        "personal":"ESFP",
        "tel":"1234567890",
        "address":"ABC"
    },
    {
        "username":"user9",
        "password":"12345",
        "tenan":"test",
        "postion":"tester",
        "permission":"user",
        "department":"IT",
        "firstname":"Thitapa",
        "lastname":"Tanakiatkosol",
        "email":"Thitapa@test.com",
        "personal":"ISTJ",
        "tel":"1234567890",
        "address":"ABC"
    },
    {
        "username":"user10",
        "password":"12345",
        "tenan":"test",
        "postion":"data-sci",
        "department":"IT",
        "permission":"user",
        "firstname":"Punyisa",
        "lastname":"Watcharakij",
        "email":"Punyisa@test.com",
        "personal":"ESTJ",
        "tel":"1234567890",
        "address":"ABC"
    }
    
]